{
    "rmse": 0.6943120791356042,
    "mae": 0.5304086333794329,
    "r2": 0.21383858978731352
}